{
    "n_layers": 1,
    "d_model": 64,
    "n_heads": 4,
    "dim_feedforward": 512,
    "dropout": 0.30000000000000004,
    "activation": "relu",
    "horizon": 18,
    "win_size": 189,
    "batch_size": 32,
    "alpha": 0.9,
    "lr": 0.000777246208441439,
    "n_epochs": 150,
    "optim": "adam"
}