{
    "n_layers": 1,
    "d_model": 128,
    "n_heads": 8,
    "dim_feedforward": 320,
    "dropout": 0.1,
    "activation": "gelu",
    "horizon": 12,
    "win_size": 114,
    "batch_size": 32,
    "alpha": 0.30000000000000004,
    "lr": 0.0008080101371809549,
    "n_epochs": 70,
    "optim": "adam"
}