{
    "mae_close": 0.03504457697272301,
    "max_drawdown": 0.11399360001087189
}