{
    "mae_close": 0.04384171962738037,
    "max_drawdown": 0.3073941171169281
}